QUESTIONS,actual_Answer,Answer_Roberta,Answer_Bert
What is the largest state in India by area?,The largest state in India by area is Rajasthan.,,
How many states are there in the USA?,There are 50 states in the USA.,,
Who is the Chief Minister of Tamil Nadu?,"The Chief Minister of Tamil Nadu, as of my knowledge cutoff date in September 2021, is M. K. Stalin.",,
What is the capital of New York?,The capital of New York is Albany.,,
Explain the role of the United Nations in international diplomacy.,"The United Nations plays a key role in international diplomacy by promoting peace, security, and cooperation among nations, addressing global challenges, and providing a platform for dialogue and negotiation between countries.",,
"Who is the author of the book ""To Kill a Mockingbird""?","The author of the book ""To Kill a Mockingbird"" is Harper Lee.",,
What is the tallest mountain in the world?,The tallest mountain in the world is Mount Everest.,,
Describe the concept of climate change.,"Climate change refers to long-term changes in global or regional climate patterns, often driven by factors like increased greenhouse gas emissions, leading to phenomena such as rising temperatures and sea levels, and altered weather patterns.",,
Who won the Nobel Prize in Physics this year?,"I do not have access to real-time information, so I cannot provide the Nobel Prize in Physics winner for this year. You would need to check the most recent updates.",,
What is the purpose of the World Health Organization (WHO)?,"The World Health Organization (WHO) is an agency of the United Nations responsible for international public health. Its purpose is to promote and protect global health, monitor and respond to health emergencies, and set international health standards.",,
What is the primary language spoken in Brazil?,The primary language spoken in Brazil is Portuguese.,,
Explain the process of photosynthesis.,"Photosynthesis is the process by which green plants, algae, and some bacteria convert light energy into chemical energy in the form of glucose (a type of sugar) using carbon dioxide and water, while releasing oxygen as a byproduct.",,
Who is the current Secretary-General of the United Nations?,"As of my last update in September 2021, the Secretary-General of the United Nations is António Guterres.",,
Describe the major environmental challenges facing the Amazon rainforest.,"Major environmental challenges facing the Amazon rainforest include deforestation, illegal logging, habitat destruction, and threats to biodiversity.",,
What is the significance of the Great Wall of China?,"The Great Wall of China is significant as it is one of the most iconic and extensive fortifications in the world, built to protect China from invasions and has cultural and historical importance.",,
Who is the CEO of Amazon?,The CEO of Amazon is Andy Jassy.,,
What is the composition of Earth's atmosphere?,"Earth's atmosphere is primarily composed of nitrogen (about 78%), oxygen (about 21%), and trace amounts of other gases, including carbon dioxide, argon, and more.",,
Explain the principles of supply and demand in economics.,"Supply and demand are fundamental economic principles. Supply represents the quantity of a product or service available, and demand represents the quantity that consumers are willing to buy. Prices tend to adjust to balance supply and demand.",,
What is the purpose of the European Union (EU)?,"The European Union (EU) is a political and economic union of 27 European countries. Its purpose is to promote economic cooperation, ensure peace and stability, and create a single market among member states.",,
Who is the current Chief Justice of the U.S. Supreme Court?,"As of my last knowledge update in September 2021, the Chief Justice of the U.S. Supreme Court was John G. Roberts Jr.",,
Describe the cultural significance of the Taj Mahal.,"The Taj Mahal is culturally significant as a magnificent white marble mausoleum built in India, known for its architectural beauty and its association with love and historical heritage.",,
"Who is the lead actor in the movie ""The Shawshank Redemption""?","The lead actor in the movie ""The Shawshank Redemption"" is Tim Robbins.",,
What is the process of cellular respiration?,"Cellular respiration is the process by which cells break down glucose and other organic molecules to produce energy in the form of adenosine triphosphate (ATP), which is essential for cellular functions.",,
Who is the Chancellor of Germany?,"As of my last update in September 2021, the Chancellor of Germany was Angela Merkel.",,
Explain the concept of renewable energy sources.,"Renewable energy sources are energy resources that can be naturally replenished, such as solar, wind, hydro, and geothermal power, offering sustainable and environmentally friendly alternatives to fossil fuels.",,
What are the major industries in Silicon Valley?,"The major industries in Silicon Valley include technology, software development, biotechnology, and innovation-related fields.",,
Who is the current Prime Minister of Japan?,"As of my last update in September 2021, the Prime Minister of Japan was Yoshihide Suga.",,
Describe the major causes of air pollution.,"Major causes of air pollution include emissions from vehicles, industrial processes, and burning of fossil fuels, leading to the release of pollutants like carbon monoxide and particulate matter.",,
What is the main export of Australia?,"The main export of Australia is coal, iron ore, and natural resources.",,
Who won the FIFA World Cup in 2018?,"In 2018, the FIFA World Cup was won by the French national football team.",,
What are the key features of a democratic system of government?,"Key features of a democratic system of government include free and fair elections, protection of individual rights, rule of law, and representative government.",,
Describe the impact of social media on society.,"The impact of social media on society includes increased connectivity, information dissemination, but also concerns about privacy, misinformation, and the spread of hate speech.",,
"Who is the lead singer of the band ""The Beatles""?","The lead singer of the band ""The Beatles"" was John Lennon.",,
What is the primary source of energy for Earth?,"The primary source of energy for Earth is the Sun, which provides heat and light through nuclear fusion in its core.",,
Explain the significance of the Mona Lisa painting.,"The Mona Lisa painting, created by Leonardo da Vinci, is significant for its artistic mastery, historical importance, and cultural recognition.",,
Who is the author of the Harry Potter book series?,The author of the Harry Potter book series is J.K. Rowling.,,
What is the meaning of the Hubble Space Telescope?,"The Hubble Space Telescope is a space observatory that provides stunning images and data about distant celestial objects, expanding our understanding of the universe.",,
Describe the structure of the human brain.,"The human brain is a complex organ composed of different regions responsible for various functions, including cognition, emotions, and motor control.",,
What is the purpose of the United Nations Security Council?,"The United Nations Security Council plays a key role in maintaining international peace and security, making decisions on conflict resolution, sanctions, and peacekeeping missions.",,
Who won the Nobel Prize in Literature last year?,"I do not have access to real-time information, so I cannot provide the Nobel Prize in Literature winner for last year. You would need to check the most recent updates.",,
What is the role of the International Monetary Fund (IMF)?,"The International Monetary Fund (IMF) is an international financial organization that provides economic stability and monetary cooperation, offering financial assistance and policy advice to member countries.",,
Who is the current Chief Minister of Maharashtra?,"As of my last knowledge update in September 2021, the Chief Minister of Maharashtra was Uddhav Thackeray.",,
Describe the major causes of deforestation.,"Major causes of deforestation include logging, agriculture, urban expansion, and infrastructure development, leading to the loss of forests and biodiversity.",,
What is the tallest building in the world?,"The tallest building in the world is the Burj Khalifa, located in Dubai, United Arab Emirates.",,
Explain the process of genetic inheritance.,"Genetic inheritance is the process by which genetic information is passed from one generation to the next, determining an organism's traits and characteristics.",,
Who is the founder of Microsoft Corporation?,The founder of Microsoft Corporation is Bill Gates.,,
What is the primary currency of Russia?,The primary currency of Russia is the Russian Ruble (RUB).,,
"Who is the lead actress in the movie ""La La Land""?","The lead actress in the movie ""La La Land"" is Emma Stone.",,
What is the impact of globalization on world economies?,"Globalization has a profound impact on world economies, facilitating the flow of goods, services, and information across borders, but also posing challenges related to inequality and cultural exchange.",,
Who is the current Prime Minister of India?,"As of my last update in September 2021, the Prime Minister of India was Narendra Modi.",,
What is the Lok Sabha?,"The Lok Sabha is the lower house of the Parliament of India, representing the people's elected members.",,
When was the Indian Constitution adopted?,"The Indian Constitution was adopted on January 26, 1950.",,
What is the role of the President of India?,"The President of India serves as the ceremonial head of state and has certain constitutional powers, including the appointment of the Prime Minister and the signing of bills into law.",,
Who is the Chief Justice of India?,"As of my last update in September 2021, the Chief Justice of India was N.V. Ramana.",,
What is the significance of the Indian Parliament?,The Indian Parliament is significant as the supreme legislative body responsible for making and amending laws in the country.,,
What are the major political parties in India?,"Major political parties in India include the Bharatiya Janata Party (BJP), Indian National Congress (INC), and various regional parties.",,
How does the Indian election system work?,"The Indian election system works through a direct voting process, where citizens elect representatives to various levels of government, including the Lok Sabha and State Legislative Assemblies.",,
Who is the founder of the Indian National Congress?,"The Indian National Congress was founded by Allan Octavian Hume, Dadabhai Naoroji, and Dinshaw Wacha in 1885.",,
What is the role of the Election Commission of India?,The Election Commission of India is responsible for conducting free and fair elections in the country.,,
What are the key political issues in India today?,"Key political issues in India today include economic development, environmental conservation, national security, and social equity.",,
What is the significance of the Indian Supreme Court?,"The Indian Supreme Court is the highest judicial authority in the country, responsible for interpreting the constitution and ensuring justice.",,
Who was the first woman Prime Minister of India?,Indira Gandhi was the first woman to serve as the Prime Minister of India.,,
"Explain the concept of ""Make in India.""","""Make in India"" is an initiative launched by the Indian government to promote domestic manufacturing and attract foreign investment in various sectors.",,
What is the status of relations with neighboring countries?,"India maintains relations with neighboring countries, and the status of those relations may change over time due to diplomatic, political, and economic factors.",,
Who is the current President of the United States?,"As of my last update in September 2021, the President of the United States was Joe Biden.",,
How does the U.S. electoral system work?,"The U.S. electoral system includes the popular vote and the Electoral College, where electors from each state cast votes for the President.",,
What are the branches of the U.S. government?,"The U.S. government consists of three branches: the legislative branch (Congress), the executive branch (President), and the judicial branch (Supreme Court).",,
What is the role of the U.S. Congress?,"The U.S. Congress is the legislative branch of the federal government, consisting of the Senate and the House of Representatives, responsible for making and passing laws.",,
Who is the Speaker of the House of Representatives?,"As of my last update in September 2021, the Speaker of the House of Representatives was Nancy Pelosi.",,
What is the significance of the U.S. Supreme Court?,"The U.S. Supreme Court is significant as the highest court in the land, responsible for interpreting the constitution and ensuring the rule of law.",,
What are the major political parties in the United States?,Major political parties in the United States include the Democratic Party and the Republican Party.,,
"Explain the concept of the ""Electoral College.""","The Electoral College is a system used in the United States to elect the President, where each state has a certain number of electoral votes.",,
What are the key political issues in the United States today?,"Key political issues in the United States today include healthcare, immigration, climate change, and racial and economic inequality.",,
Who are some prominent U.S. Senators?,"Some prominent U.S. Senators include Bernie Sanders, Elizabeth Warren, and Ted Cruz.",,
What is the First Amendment to the U.S. Constitution?,"The First Amendment to the U.S. Constitution protects freedom of speech, religion, and the press, among other rights.",,
How does the U.S. healthcare system work?,"The U.S. healthcare system includes public and private elements, with various insurance options and providers.",,
What are the major U.S. foreign policy initiatives?,"Major U.S. foreign policy initiatives may include diplomacy, trade agreements, and efforts to address global challenges.",,
What is the role of the Federal Reserve?,"The Federal Reserve, often referred to as the Fed, is the central bank of the United States, responsible for monetary policy and financial stability.",,
Who was the first woman to run for U.S. President?,The first woman to run for U.S. President was Victoria Woodhull in 1872.,,
Who is the captain of the Indian cricket team?,"As of my last update in September 2021, the captain of the Indian cricket team was Virat Kohli.",,
What are the major sports leagues in India?,Major sports leagues in India include the Indian Premier League (cricket) and the Pro Kabaddi League.,,
Who is the most decorated Indian Olympic athlete?,"The most decorated Indian Olympic athlete is Abhinav Bindra, who won a gold medal in shooting at the 2008 Beijing Olympics.",,
What is the Indian Premier League (IPL)?,The Indian Premier League (IPL) is a professional Twenty20 cricket league in India.,,
Explain the significance of cricket in India.,"Cricket is highly significant in India, often referred to as a religion, and is the most popular sport in the country.",,
Who are some famous Indian athletes in other sports?,Some famous Indian athletes in other sports include P.V. Sindhu (badminton) and Mary Kom (boxing).,,
What are India's achievements in the Commonwealth Games?,"India has achieved success in the Commonwealth Games across various sports, including athletics, shooting, and wrestling.",,
What is the National Sports Day in India?,"National Sports Day in India is celebrated on August 29th, the birth anniversary of hockey legend Major Dhyan Chand.",,
Describe the rules of kabaddi.,"Kabaddi is a team sport with roots in India, where players must tag opponents on the opposing team's side of the field without being tackled.",,
What is the state of football in India?,"Football in India is growing in popularity, with the Indian Super League (ISL) and I-League being significant football leagues.",,
Who are the top Indian chess players?,Top Indian chess players include Viswanathan Anand and Koneru Humpy.,,
Who are the current champions of the Super Bowl (NFL)?,The current champions of the Super Bowl (NFL) may change each year, you would need to check the most recent winner.,
What are the major sports leagues in the United States?,"Major sports leagues in the United States include the National Football League (NFL), National Basketball Association (NBA), Major League Baseball (MLB), and the National Hockey League (NHL).",,
Explain the rules of American football.,"American football is a contact sport played with an oval-shaped ball, and the objective is to score touchdowns by crossing the opponent's goal line.",,
Who are some legendary NBA basketball players?,"Legendary NBA basketball players include Michael Jordan, LeBron James, and Kareem Abdul-Jabbar.",,
Describe the World Series (MLB).,The World Series is the championship series of Major League Baseball (MLB) and has been played since 1903.,,
What is the significance of the Masters Tournament (Golf)?,"The Masters Tournament is one of golf's major championships, held annually at the Augusta National Golf Club in Georgia, USA.",,
Who are some prominent U.S. tennis players?,Prominent U.S. tennis players include Serena Williams and Roger Federer.,,
What is the role of Title IX in U.S. sports?,"Title IX is a U.S. law that prohibits sex-based discrimination in educational programs and activities, including sports.",,
Who are the most successful Olympians from the United States?,Some of the most successful U.S. Olympians include Michael Phelps (swimming) and Simone Biles (gymnastics).,,
What are the top universities in India for engineering?,Top universities in India for engineering include the Indian Institutes of Technology (IITs) and the National Institutes of Technology (NITs).,,
How does the Indian education system work?,"The Indian education system typically follows a 10+2 structure with school education up to grade 10, followed by two years of higher secondary education.",,
What are the most popular courses for students in the USA?,"Popular courses for students in the USA include engineering, computer science, business administration, medicine, and liberal arts.",,
How can I prepare for competitive exams in India?,"To prepare for competitive exams in India, students often engage in focused study, practice previous question papers, and consider coaching or online courses.",,
What are the top U.S. universities for business studies?,"Top U.S. universities for business studies include Harvard Business School, Wharton School at the University of Pennsylvania, and Stanford Graduate School of Business.",,
What is the significance of standardized tests like the SAT?,Standardized tests like the SAT are significant for college admissions as they provide a uniform measure of students' academic readiness.,,
How does the application process for U.S. colleges work?,"The application process for U.S. colleges typically involves submitting standardized test scores, transcripts, recommendation letters, essays, and other required materials through online portals.",,
What are the major challenges in Indian education today?,"Major challenges in Indian education today include issues like access to quality education, teacher shortages, and the need for educational reforms.",,
What are the top career options for students in the USA?,"Top career options for students in the USA include software development, healthcare, finance, engineering, and data science.",,
How can I improve my study habits and time management?,"To improve study habits and time management, you can create a schedule, set goals, minimize distractions, and use effective study techniques",,
"Who is the author of the book ""To Kill a Mockingbird""?","The author of the book ""To Kill a Mockingbird"" is Harper Lee.",,
What is the largest state in India by area?,The largest state in India by area is Rajasthan.,,
How many states are there in the USA?,There are 50 states in the USA.,,
Who is the Chief Minister of Tamil Nadu?,The Chief Minister of Tamil Nadu is M. K. Stalin.,,
What is the capital of New York?,The capital of New York is Albany.,,
Explain the role of the United Nations in international diplomacy.,"The United Nations plays a key role in international diplomacy by promoting peace, security, and cooperation among nations.",,
"Who is the author of the book ""To Kill a Mockingbird""?","The author of the book ""To Kill a Mockingbird"" is Harper Lee.",,
What is the tallest mountain in the world?,The tallest mountain in the world is Mount Everest.,,
Describe the concept of climate change.,"Climate change refers to long-term changes in temperature, weather patterns, and environmental conditions caused by human activities and natural factors.",,
Who won the Nobel Prize in Physics this year?,The Nobel Prize in Physics is awarded annually to individuals who have made outstanding contributions to the field of physics.,,
What is the purpose of the World Health Organization (WHO)?,"The World Health Organization (WHO) is responsible for international public health issues, disease control, and health promotion.",,
What is the primary language spoken in Brazil?,The primary language spoken in Brazil is Portuguese.,,
Explain the process of photosynthesis.,"Photosynthesis is the process by which plants convert light energy, carbon dioxide, and water into glucose and oxygen.",,
Who is the current Secretary-General of the United Nations?,The current Secretary-General of the United Nations is António Guterres.,,
Describe the major environmental challenges facing the Amazon rainforest.,"Major environmental challenges facing the Amazon rainforest include deforestation, illegal logging, and biodiversity loss.",,
What is the significance of the Great Wall of China?,The Great Wall of China is significant for its historical defense purposes and cultural significance as a world heritage site.,,
Who is the CEO of Amazon?,The CEO of Amazon is Andy Jassy.,,
What is the composition of Earth's atmosphere?,The composition of Earth's atmosphere primarily consists of nitrogen (about 78%) and oxygen (about 21%).,,
Explain the principles of supply and demand in economics.,Supply and demand are fundamental economic principles that govern the price and availability of goods and services.,,
What is the purpose of the European Union (EU)?,The European Union (EU) aims to promote economic and political cooperation among European countries.,,
Who is the current Chief Justice of the U.S. Supreme Court?,The current Chief Justice of the U.S. Supreme Court is John Roberts.,,
Describe the cultural significance of the Taj Mahal.,The Taj Mahal is culturally significant as a beautiful mausoleum built in the 17th century in India.,,
"Who is the lead actor in the movie ""The Shawshank Redemption""?","The lead actor in the movie ""The Shawshank Redemption"" is Tim Robbins.",,
What is the process of cellular respiration?,"Cellular respiration is the process by which cells convert glucose and oxygen into energy, carbon dioxide, and water.",,
Who is the Chancellor of Germany?,The Chancellor of Germany is Olaf Scholz.,,
Explain the concept of renewable energy sources.,"Renewable energy sources are sustainable sources of energy, such as solar, wind, and hydropower.",,
What are the major industries in Silicon Valley?,"The major industries in Silicon Valley include technology, startups, and venture capital.",,
Who is the current Prime Minister of Japan?,The current Prime Minister of Japan is Fumio Kishida.,,
Describe the major causes of air pollution.,"Major causes of air pollution include vehicle emissions, industrial processes, and burning of fossil fuels.",,
What is the main export of Australia?,"The main export of Australia is minerals and ores, particularly coal and iron ore.",,
Who won the FIFA World Cup in 2018?,France won the FIFA World Cup in 2018.,,
What are the key features of a democratic system of government?,"Key features of a democratic system of government include free and fair elections, the rule of law, and protection of individual rights.",,
Describe the impact of social media on society.,"Social media has a significant impact on society, influencing communication, information sharing, and even shaping public opinion.",,
"Who is the lead singer of the band ""The Beatles""?","The lead singer of the band ""The Beatles"" was John Lennon.",,
What is the primary source of energy for Earth?,"The primary source of energy for Earth is the sun, which provides solar energy.",,
Explain the significance of the Mona Lisa painting.,"The Mona Lisa painting is significant for its artistic value and the mystery surrounding its subject, Lisa Gherardini.",,
Who is the author of the Harry Potter book series?,The author of the Harry Potter book series is J.K. Rowling.,,
What is the meaning of the Hubble Space Telescope?,The Hubble Space Telescope is a space observatory that captures images and data from distant celestial objects.,,
Describe the structure of the human brain.,"The structure of the human brain includes the cerebrum, cerebellum, and brainstem, among other parts.",,
What is the purpose of the United Nations Security Council?,The United Nations Security Council plays a crucial role in maintaining international peace and security.,,
Who won the Nobel Prize in Literature last year?,"The Nobel Prize in Literature is awarded annually to authors, poets, and playwrights who have made exceptional contributions to literature.",,
What is the role of the International Monetary Fund (IMF)?,The International Monetary Fund (IMF) aims to promote global monetary cooperation and financial stability.,,
Who is the current Chief Minister of Maharashtra?,The current Chief Minister of Maharashtra is Uddhav Thackeray.,,
Describe the major causes of deforestation.,"Major causes of deforestation include logging, agriculture expansion, and urban development.",,
What is the tallest building in the world?,"The tallest building in the world is the Burj Khalifa in Dubai, United Arab Emirates.",,
Explain the process of genetic inheritance.,Genetic inheritance involves the passing of genes and traits from parents to offspring.,,
Who is the founder of Microsoft Corporation?,The founder of Microsoft Corporation is Bill Gates.,,
What is the primary currency of Russia?,The primary currency of Russia is the Russian Ruble.,,
"Who is the lead actress in the movie ""La La Land""?","The lead actress in the movie ""La La Land"" is Emma Stone.",,
What is the impact of globalization on world economies?,Globalization has a significant impact on world economies by promoting international trade and interconnectedness.,,
Describe the major events of the French Revolution.,The major events of the French Revolution include the storming of the Bastille and the rise of Napoleon Bonaparte,,
